FirstName,LastName,OU
Angelica,Gardner,Sales
Terry,Lloyd,Development
Melanie,Orr,IT
Lakisha,Dennis,Sales
Pam,Nicholson,IT
Franklin,Steadman,Sales
Imogene,Floyd,Development
Alyson,Winters,Managers
Johanna,Mullen,Development
Ladonna,Salas,Sales
Lizzie,Terrell,Marketing
Devon,Simone,Development
Augusta,Moore,IT
Erna,O'Donnell,Marketing
Bradford,Perea,Sales
Esther,Wiggins,Research
Eula,Farley,Development
Burton,Bartels,Managers
Adeline,Snyder,Sales
Sergio,Fredericks,Marketing
Leanna,Richmond,Development
Lonnie,Luciano,IT
Francisco,Sonnier,Marketing
Julio,Bevins,Sales
Kimberly,McCarty,Research
Karyn,Gallegos,Development
Milton,Odum,Managers
Rick,Cottle,Development
Isabella,Powers,Marketing
Paige,Farley,Development
Stefan,Deboer,IT
Shari,Stephenson,Marketing
Marian,Decker,Sales
Suzanne,Hancock,Research
Ashlee,Pickett,Development
Olive,Hayes,Managers
Kasey,Shepard,IT
Felecia,Carr,Sales
Williams,Zink,Marketing
Verna,Sandoval,Marketing
Sarah,Burch,Sales
Belinda,Holland,Research
Cleveland,Dulaney,Managers
Connie,Vaughn,Research
Nathan,Chesser,Development
Magdalena,Gilliam,Sales
Ana,Cantrell,Marketing
Louis,Surratt,Development
Beth,Burke,IT
Tasha,Stokes,Marketing
Tara,Hodges,Sales
Dawn,Williamson,Development
Nita,Allison,Managers
Evangelina,Reeves,Managers
Doris,David,Development
Kerri,West,Sales
Olivia,Cline,Marketing
Nicholas,Wooley,Development
Millie,Kirk,IT
Ada,Russell,Marketing
Mabel,Bass,Sales
August,Towle,Research
Rosetta,Roberts,Development
Jared,McCoy,Managers
Noreen,Riggs,IT
Serena,Bean,Development
Ernie,Moultrie,Marketing
Julian,Shifflett,Marketing
Dixie,Ferrell,Sales
Jasper,Homer,Development
Damian,Hadden,Managers
Margret,Franklin,Development
Teddy,Schiller,Marketing
Rachael,Macias,Marketing
Kathie,Benton,Sales
Solomon,Conte,Development
Monica,Rowland,Managers
Elinor,Trevino,Marketing
Jodie,Cohen,Development
Jeannette,Valentine,Sales
Colin,Bracken,Marketing
Federico,Clemente,IT
Derrick,Tolley,Marketing
Maureen,Holland,Sales
Grover,Chambliss,Research
Bernardo,Rutter,Development
Preston,Baldridge,Managers
Rosalyn,Marshall,Development
Allan,Yoo,Sales
Rickey,Flanigan,Development
Spencer,McDaniel,Marketing
Jessie,Richardson,Sales
Lidia,O'Connor,Research
Bruno,Lees,Development
Samantha,McCray,Sales
Sidney,Rincon,Marketing
Sammy,Lundgren,Development
Elise,Hughes,Marketing
Carmella,Church,Sales
Bernice,Bolton,Development
Twila,McLaughlin,Research
Juanita,Cook,Development
Dora,Martinez,Sales
Tommie,Haddad,Marketing
Tonia,Guthrie,IT
Lamar,Silas,Marketing
Fay,Gibbs,Sales
Herminia,Stanton,Research
Russel,Tapp,Development
Neva,Bartlett,Managers
Patty,Brooks,Marketing
Jon,Friday,Development
Larry,Rayford,Sales
Eva,Newton,Marketing
Boyd,Deane,Development
Annie,Conner,Marketing
Claire,Roberson,Research
Teri,Decker,Managers
Meredith,Floyd,Sales
Deana,Frank,Sales
Ivy,Oliver,Marketing
Becky,Kennedy,Marketing
Jackie,Walsh,Sales
Camille,Morrow,Research
Meghan,Lang,Managers
Laurel,Wilkinson,Marketing
Dante,Dabney,IT
Jenny,McPherson,Sales
Shawna,Logan,Marketing
Jeffry,McCormick,Research
Willie,Chiu,Development
Art,Odum,Managers
Nestor,Fiore,IT
Mai,Montgomery,Sales
Nadia,Cotton,Marketing
Vicky,Abbott,Development
Anastasia,Rojas,IT
Johnathon,Chinn,Marketing
Demetrius,Trudeau,Sales
Vera,Pace,Research
Mary,Skinner,Managers
Jay,Perkins,Sales
Ellen,Holloway,Sales
Elliot,Thorpe,Development
Samuel,Butcher,Marketing
Lucy,Davey,Sales
Adam,Hobbs,Managers
Owen,Lamb,Development
William,Marsden,Managers
Harvey,Thorpe,Development
Abbie,Parsons,Sales
Ethan,Baxter,Sales
Aidan,Norman,Managers
Victoria,Bryan,IT
Oliver,Parsons,Development
Anthony,Lynch,Marketing
Charlie,Miller,Development
Kian,Woodward,Marketing
Kiera,Marsh,Sales
Shannon,Booth,Research
Rosie,Reynolds,Managers
Evan,Norman,Sales
Lily,Peacock,Development
Logan,Boyle,IT
Ellie,Hayward,Development
Abigail,Rees,Managers
Riley,Perkins,Development
Amelie,Garner,Sales
Thomas,Boyle,Development
Finlay,Butcher,Research
Brandan,Campbell,Managers
Jack,Kirby,Development
Zachary,Hunt,Marketing
Sophia,Perry,Development
Harry,Lawrence,Managers
Morgan,Brooks,Development
Naomi,Booth,Marketing
Isobel,Wilkins,Managers
Courtney,Atkins,Marketing
Bill,Norman,Marketing
Erin,Bull,Sales
Taylor,Goddard,Research
Leo,Butcher,Marketing
Isaac,May,Marketing
Demi,Holloway,Development
Holly,Spencer,Managers
Mollie,Moss,Sales
Laura,Atkins,Managers
Ella,Perry,Marketing
Malinda,de Boer,Sales
Rose,De Reus,Research
Brigita,Krastina,Sales
Huu,Hoang,Marketing
Maxime,Visser,Sales
Cai,Chu,Research
Abbi,Skinner,IT
Grace,Sharpe,Development
Parsa,Schoonen,IT
Ilene,Beukema,Marketing
Stela,Sahiti,Sales
Max,Pennekamp,Research
Stern,Barth,Development
Dita,Balode,Sales
Hien,Bach,Development
Huong,Tang,IT
Agris,Auzins,Sales
Libby,Hayward,Research
Colette,Lichtenberg,Development
Matej,Stojanov,Managers
An,Dung Dao,Managers
Linh,Phan,Development
Orions,Rubenis,Sales
Krisjanis,Roze,Marketing
Beatrise,Jaunzema,IT
Frank,Ellenbroek,Sales
Tia,Zecirevic,Research
Laimonis,Skuja,Development
Merdan,de Graaf,Managers
Benjamin,Kavo,Marketing
Maj,Hojski,IT
Elizabete,Briede,Marketing
Andrejs,Rozitis,Sales
Matevz,Veskovo,Sales
Mihails,Rudzitis,Marketing
Arnaud,Kleefstra,IT
Hai,Chu,Sales
Martin,Ajdari,Development
Klemen,Sic,IT
Jaap,Van Eeuwijk,IT
Siu,Robben,Sales
Ilga,Krievina,Research
Ngoc,Bich Tran,Development
Anete,Auzina,Development
Jautra,Lukstina,Development
Grigorijs,Kaneps,Sales
Sang,Dao,Development
Lana,Golihleb,Development
Liene,Jaunzema,IT
Zan,Kustrin,Marketing
Arturs,Priede,Research
Pia,Vosnik,Managers
Alida,Eglite,Marketing
Zoja,Bobanec,Development
Laila,Dumina,Sales
Ida,Alksne,IT
Hanh,Trang,Marketing
Alfie,Power,Sales
Hwa,Dang,Development
Peter,Laamers,Managers
Loek,Robben,Development
Lara,Raisic,IT
